"Theresa May","Statement from the new Prime Minister Theresa May","13 July 2016","https://www.gov.uk/government/speeches/statement-from-the-new-prime-minister-theresa-may"
"Theresa May","World AIDS Day 2017: Theresa May's message","1 December 2017","https://www.gov.uk/government/speeches/world-aids-day-2017-theresa-mays-message"
"Theresa May","Theresa May's final speech as Prime Minister: 24 July 2019","24 July 2019","https://www.gov.uk/government/speeches/theresa-mays-final-speech-as-prime-minister-24-july-2019"
"Theresa May","We have voted to leave the EU, but not Europe: article by Theresa May","17 February 2017","https://www.gov.uk/government/speeches/we-have-voted-to-leave-the-eu-but-not-europe-article-by-theresa-may"
"Theresa May","The shared society: article by Theresa May","8 January 2017","https://www.gov.uk/government/speeches/the-shared-society-article-by-theresa-may"
"Theresa May","Pride reception 2017: Theresa May's speech","19 July 2017","https://www.gov.uk/government/speeches/pride-reception-2017-theresa-mays-speech"
"Theresa May","PM opening statement at first CHOGM Executive Session: 19 April 2018","19 April 2018","https://www.gov.uk/government/speeches/pm-opening-statement-at-first-chogm-executive-session-19-april-2018"
"Theresa May","Defeating modern slavery: article by Theresa May","30 July 2016","https://www.gov.uk/government/speeches/defeating-modern-slavery-theresa-may-article"
"Theresa May","Theresa May's speech to the UN General Assembly","20 September 2016","https://www.gov.uk/government/speeches/theresa-mays-speech-to-the-un-general-assembly"
"Theresa May","PM opening statement at first CHOGM Executive Session: 19 April 2018","19 April 2018","https://www.gov.uk/government/speeches/pm-opening-statement-at-first-chogm-executive-session-19-april-2018"
"Theresa May","Mental health problems are everyone’s problem: article by Theresa May","11 January 2016","https://www.gov.uk/government/speeches/mental-health-problems-are-everyones-problem-article-by-theresa-may"
"Theresa May","We will create a fairer society: article by Theresa May","19 January 2017","https://www.gov.uk/government/speeches/we-will-create-a-fairer-society-article-by-theresa-may"
"Theresa May","Mental health problems are everyone’s problem: article by Theresa May","11 January 2016","https://www.gov.uk/government/speeches/mental-health-problems-are-everyones-problem-article-by-theresa-may"
"Theresa May","PM press conference with President of France Emmanuel Macron: 13 June 2017","13 June 2017","https://www.gov.uk/government/speeches/pm-press-conference-with-president-of-france-emmanuel-macron-13-june-2017"
"Theresa May","PM press conference with Australian PM Malcolm Turnbull: 10 July 2017","10 July 2017","https://www.gov.uk/government/speeches/pm-press-conference-with-australian-pm-malcolm-turnbull-10-july-2017"
"Theresa May","I'll give every child a chance: article by Theresa May","10 September 2016","https://www.gov.uk/government/speeches/ill-give-every-child-a-chance-article-by-theresa-may"
"Theresa May","The new role for business in a fairer Britain: article by Theresa May","20 November 2016","https://www.gov.uk/government/speeches/the-new-role-for-business-in-a-fairer-britain-article-by-theresa-may"
"Theresa May","I want an exit that will work for all of us: article by Theresa May","19 January 2017","https://www.gov.uk/government/speeches/i-want-an-exit-that-will-work-for-all-of-us-article-by-theresa-may"
"Theresa May","PM statement at press conference with NATO Secretary-General Jens Stoltenberg: 21 June 2018","21 June 2018","https://www.gov.uk/government/speeches/pm-statement-at-press-conference-with-nato-secretary-general-jens-stoltenberg-21-june-2018"
"Theresa May","I'll give every child a chance: article by Theresa May","10 September 2016","https://www.gov.uk/government/speeches/ill-give-every-child-a-chance-article-by-theresa-may"
"Theresa May","Why I'm giving education a huge boost: article by Theresa May","7 March 2017","https://www.gov.uk/government/speeches/why-im-giving-education-a-huge-boost-article-by-theresa-may"
"Theresa May","The new role for business in a fairer Britain: article by Theresa May","20 November 2016","https://www.gov.uk/government/speeches/the-new-role-for-business-in-a-fairer-britain-article-by-theresa-may"
"Theresa May","I know what is at stake for Ireland in Brexit: article by Theresa May","31 January 2017","https://www.gov.uk/government/speeches/i-know-what-is-at-stake-for-ireland-in-brexit-article-by-theresa-may"
"Theresa May","PM and Italian Prime Minister Renzi statements in Rome: 27 July 2016","27 July 2016","https://www.gov.uk/government/speeches/pm-statement-in-rome-27-july-2016"
"Theresa May","Why I'm giving education a huge boost: article by Theresa May","7 March 2017","https://www.gov.uk/government/speeches/why-im-giving-education-a-huge-boost-article-by-theresa-may"
"Theresa May","I know what is at stake for Ireland in Brexit: article by Theresa May","31 January 2017","https://www.gov.uk/government/speeches/i-know-what-is-at-stake-for-ireland-in-brexit-article-by-theresa-may"
"Theresa May","PM press conference with Turkish Prime Minister Yildirim: 28 January 2017","28 January 2017","https://www.gov.uk/government/speeches/pm-press-conference-with-turkish-pm-yildirim-28-january-2017"
"Theresa May","PM press conference with US President Trump: 27 January 2017","27 January 2017","https://www.gov.uk/government/speeches/pm-press-conference-with-us-president-donald-trump-27-january-2017"
"Theresa May","PM speech at Northwood: 8 July 2019","8 July 2019","https://www.gov.uk/government/speeches/pm-speech-at-northwood-8-july-2019"
"Theresa May","""We have to invest in good work,"" – Theresa May's speech at Taylor Review launch","11 July 2017","https://www.gov.uk/government/speeches/we-have-to-invest-in-good-work-theresa-mays-speech-at-taylor-review-launch"
"Theresa May","Prime Minister's statement in Downing Street: 24 May 2019","24 May 2019","https://www.gov.uk/government/speeches/prime-ministers-statement-in-downing-street-24-may-2019"
"Theresa May","Prime Minister's press statement in Strasbourg: 11 March 2019","11 March 2019","https://www.gov.uk/government/speeches/prime-ministers-press-statement-in-strasbourg-11-march-2019"
"Theresa May","G20 Summit: PM press conference with President Obama – 4 September 2016","4 September 2016","https://www.gov.uk/government/speeches/g20-summit-pm-press-conference-with-president-obama-4-september-2016"
"Theresa May","Prime Minister's press conference with Premier Li: 31 January 2018","31 January 2018","https://www.gov.uk/government/speeches/prime-ministers-speech-in-china-31-january-2018"
"Theresa May","PM statement in Paris: 21 July 2016","19 July 2016","https://www.gov.uk/government/speeches/pm-statement-in-paris-21-july-2016"
"Theresa May","PM and Slovakian Prime Minister Fico statements in Bratislava: 28 July 2016","28 July 2016","https://www.gov.uk/government/speeches/pm-and-slovakian-prime-minister-fico-statements-in-bratislava-28-july-2016"
"Theresa May","PM press conference with Taoiseach Leo Varadkar: 19 June 2017","19 June 2017","https://www.gov.uk/government/speeches/pm-press-conference-with-taoiseach-leo-varadkar-19-june-2017"
"Theresa May","PM statement on the Salisbury investigation: 5 September 2018","5 September 2018","https://www.gov.uk/government/speeches/pm-statement-on-the-salisbury-investigation-5-september-2018"
"Theresa May","PM’s speech at the UK-France Summit: 18 January 2018","18 January 2018","https://www.gov.uk/government/speeches/pms-speech-at-the-uk-france-summit-18-january-2018"
"Theresa May","PM and Taoiseach Enda Kenny statements: 26 July 2016","26 July 2016","https://www.gov.uk/government/speeches/pm-statement-following-talks-with-taoiseach-enda-kenny-26-july-2016"
"Theresa May","PM India Day speech: 16 July 2019","16 July 2019","https://www.gov.uk/government/speeches/pm-india-day-speech-16-july-2019"
"Theresa May","PM speech at Northwood: 8 July 2019","8 July 2019","https://www.gov.uk/government/speeches/pm-speech-at-northwood-8-july-2019"
"Theresa May","PM Nordic Council speech: 30 October 2018","30 October 2018","https://www.gov.uk/government/speeches/pm-nordic-council-speech-30-october-2018"
"Theresa May","PM statement to the House of Commons: 26 February 2019","26 February 2019","https://www.gov.uk/government/speeches/pm-statement-to-the-house-of-commons-26-february-2019"
"Theresa May","PM: We can deliver the change you voted for","8 March 2019","https://www.gov.uk/government/speeches/pm-we-can-deliver-the-change-you-voted-for"
"Theresa May","PM’s statement on Brexit: 14 November 2018","14 November 2018","https://www.gov.uk/government/speeches/pms-statement-on-brexit-14-november-2018"
"Theresa May","PM’s words on Brexit negotiations: 6 April 2019","6 April 2019","https://www.gov.uk/government/speeches/pms-words-on-brexit-negotiations-6-april-2019"
"Theresa May","PM statement at the EU Council: 21 March 2019","21 March 2019","https://www.gov.uk/government/speeches/pm-statement-at-the-eu-council-21-march-2019"
"Theresa May","PM's statement on exiting the European Union: 10 December 2018","10 December 2018","https://www.gov.uk/government/speeches/pms-statement-on-exiting-the-european-union-10-december-2018"
"Theresa May","PM statement to the House of Commons: 29 January 2019","29 January 2019","https://www.gov.uk/government/speeches/pm-statement-to-the-house-of-commons-29-january-2019"
"Theresa May","PM statement at the European Council: 11 April 2019","11 April 2019","https://www.gov.uk/government/speeches/pm-statement-at-the-european-council-11-april-2019"
"Theresa May","PM and Prime Minister Beata Szydło statements: 28 November 2016","11 November 2016","https://www.gov.uk/government/speeches/pm-and-prime-minister-beata-szydlo-statements-28-november-2016"
"Theresa May","PM press conference with New Zealand Prime Minister Bill English: 13 January 2017","13 January 2017","https://www.gov.uk/government/speeches/pm-press-conference-with-new-zealand-prime-minister-bill-english-13-january-2017"
"Theresa May","PM speech on the state of politics","17 July 2019","https://www.gov.uk/government/speeches/pm-speech-on-the-state-of-politics"
"Theresa May","PM speech in Belfast: 5 February 2019","5 February 2019","https://www.gov.uk/government/speeches/pm-speech-in-belfast-5-february-2019"
"Theresa May","PM Nordic Council speech: 30 October 2018","30 October 2018","https://www.gov.uk/government/speeches/pm-nordic-council-speech-30-october-2018"
"Theresa May","PM G20 press statement: 1 December 2018","1 December 2018","https://www.gov.uk/government/speeches/pm-g20-press-statement-1-december-2018"
"Theresa May","PM’s statement on Brexit: 14 November 2018","14 November 2018","https://www.gov.uk/government/speeches/pms-statement-on-brexit-14-november-2018"
"Theresa May","PM speech on science and modern Industrial Strategy: 21 May 2018","21 May 2018","https://www.gov.uk/government/speeches/pm-speech-on-science-and-modern-industrial-strategy-21-may-2018"
"Theresa May","PM statement in Downing Street: 22 November 2018","22 November 2018","https://www.gov.uk/government/speeches/pm-statement-in-downing-street-22-november-2018"
"Theresa May","PM statement in the House of Commons: 12 March 2019","12 March 2019","https://www.gov.uk/government/speeches/pm-statement-in-the-house-of-commons-12-march-2019"
"Theresa May","PM's speech on new Brexit deal: 21 May 2019","21 May 2019","https://www.gov.uk/government/speeches/pms-speech-on-new-brexit-deal-21-may-2019"
"Theresa May","PM Belfast speech: 20 July 2018","20 July 2018","https://www.gov.uk/government/speeches/pm-belfast-speech-20-july-2018"
"Theresa May","PM statement on Syria: 16 April 2018","16 April 2018","https://www.gov.uk/government/speeches/pm-statement-on-syria-16-april-2018"
"Theresa May","PM statement in Sweden: 9 April 2018","9 April 2018","https://www.gov.uk/government/speeches/pm-statement-in-sweden-9-april-2018"
"Theresa May","PM’s speech to business leaders: 1 July 2019","1 July 2019","https://www.gov.uk/government/speeches/pms-speech-to-business-leaders-1-july-2019"
"Theresa May","PM statement on Brexit: 20 March 2019","20 March 2019","https://www.gov.uk/government/speeches/pm-statement-on-brexit-20-march-2019"
"Theresa May","PM statement on Brexit: 2 April 2019","2 April 2019","https://www.gov.uk/government/speeches/pm-statement-on-brexit-2-april-2019"
"Theresa May","PM’s welcoming statement at Burns Supper: 21 January 2019","21 January 2019","https://www.gov.uk/government/speeches/pms-welcoming-statement-at-burns-supper-21-january-2019"
"Theresa May","PM's speech on housing: 26 June 2019","26 June 2019","https://www.gov.uk/government/speeches/pms-speech-on-housing-26-june-2019"
"Theresa May","PM speech to CBI: 19 November 2018","19 November 2018","https://www.gov.uk/government/speeches/pm-speech-to-cbi-19-november-2018"
"Theresa May","PM speech on the Union: 4 July 2019","4 July 2019","https://www.gov.uk/government/speeches/pm-speech-on-the-union-4-july-2019"
"Theresa May","PM statement on Brexit: 15 October 2018","15 October 2018","https://www.gov.uk/government/speeches/pm-statement-on-brexit-15-october-2018"
"Theresa May","PM speech opening London Tech Week: 10 June 2019","10 August 2019","https://www.gov.uk/government/speeches/pm-speech-opening-london-tech-week-10-june-2019"
"Theresa May","PM Written Statement: ISC Detainee Reports","28 June 2018","https://www.gov.uk/government/speeches/pm-written-statement-isc-detainee-reports"
"Theresa May","PM's International Women’s Day Speech: 8 March 2018","8 March 2018","https://www.gov.uk/government/speeches/pms-international-womens-day-speech-8-march-2018"
"Theresa May","PM remarks to business roundtable: 4 June 2019","4 June 2019","https://www.gov.uk/government/speeches/pm-remarks-to-business-roundtable-4-june-2019"
"Theresa May","PM statement in Denmark: 9 April 2018","9 April 2018","https://www.gov.uk/government/speeches/pm-statement-in-denmark-9-april-2018"
"Theresa May","PM statement on European Council: 24 June 2019","24 June 2019","https://www.gov.uk/government/speeches/pm-statement-on-european-council-24-june-2019"
"Theresa May","PM speech at Vaisakhi reception: 8 May 2019","8 May 2019","https://www.gov.uk/government/speeches/pm-speech-at-vaisakhi-reception-8-may-2019"
"Theresa May","PM speech at V&A reception: 18 January 2018","18 January 2018","https://www.gov.uk/government/speeches/pm-speech-at-va-reception-18-january-2018"
"Theresa May","PM statement on EU negotiations: 22 November 2018","22 November 2018","https://www.gov.uk/government/speeches/pm-statement-on-eu-negotiations-22-november-2018"
"Theresa May","PM's Brexit speech in Stoke-on-Trent: 14 January 2019","14 January 2019","https://www.gov.uk/government/speeches/pms-brexit-speech-in-stoke-on-trent-14-january-2019"
"Theresa May","PM's International Women’s Day Speech: 8 March 2018","8 March 2018","https://www.gov.uk/government/speeches/pms-international-womens-day-speech-8-march-2018"
"Theresa May","PM's statement at Downing Street: 16 January 2019","16 January 2016","https://www.gov.uk/government/speeches/pms-statement-at-downing-street-16-january-2019"
"Theresa May","PM's statement to the House of Commons on Brexit: 12 February 2019","12 February 2019","https://www.gov.uk/government/speeches/pms-statement-to-the-house-of-commons-on-brexit-12-february-2019"
"Theresa May","PM statement on European Council: 24 June 2019","24 June 2019","https://www.gov.uk/government/speeches/pm-statement-on-european-council-24-june-2019"
"Theresa May","PM speech at V&A reception: 18 January 2018","18 January 2018","https://www.gov.uk/government/speeches/pm-speech-at-va-reception-18-january-2018"
"Theresa May","PM G20 House of Commons statement: 3 December 2018","3 December 2018","https://www.gov.uk/government/speeches/pm-g20-house-of-commons-statement-3-december-2018"
"Theresa May","PM statement in the House of Commons: 14 January 2018","14 January 2019","https://www.gov.uk/government/speeches/pm-statement-in-the-house-of-commons-14-january-2018"
"Theresa May","PM's International Women’s Day Speech: 8 March 2018","8 March 2018","https://www.gov.uk/government/speeches/pms-international-womens-day-speech-8-march-2018"
"Theresa May","PM Commons statement on June European Council: 2 July 2018","2 July 2018","https://www.gov.uk/government/speeches/pm-commons-statement-on-june-european-council-2-july-2018"
"Theresa May","Statement made by the Prime Minister: 15 November 2018","15 November 2018","https://www.gov.uk/government/speeches/statement-made-by-the-prime-minister-15-november-2018"
"Theresa May","PM statement on new Brexit deal: 22 May 2019","22 May 2019","https://www.gov.uk/government/speeches/pm-statement-on-new-brexit-deal-22-may-2019"
"Theresa May","PM speech at Augar Review launch: 30 May 2019","30 May 2019","https://www.gov.uk/government/speeches/pm-speech-at-augar-review-launch-30-may-2019"
"Theresa May","PM statement at G7 summit: 9 June 2018","9 June 2018","https://www.gov.uk/government/speeches/pm-statement-at-g7-summit-9-june-2018"
"Theresa May","PM's speech at the Pride reception: 3 July 2018","3 July 2018","https://www.gov.uk/government/speeches/pms-speech-at-the-pride-reception-3-july-2018"
"Theresa May","PM speech to the Lord Mayor’s Banquet: 12 November 2018","12 November 2018","https://www.gov.uk/government/speeches/pm-speech-to-the-lord-mayors-banquet-12-november-2018"
"Theresa May","PM statement on Brexit negotiations: 15 November 2018","15 November 2018","https://www.gov.uk/government/speeches/pm-statement-on-brexit-negotiations-15-november-2018"
"Theresa May","PM Commons statement on June European Council: 2 July 2018","2 July 2018","https://www.gov.uk/government/speeches/pm-commons-statement-on-june-european-council-2-july-2018"
"Theresa May","PM statement to the House of Commons: 15 January 2019","15 January 2019","https://www.gov.uk/government/speeches/pm-statement-to-the-house-of-commons-15-january-2019"
"Theresa May","PM speech at the Jordan: Growth and Opportunity conference","28 February 2019","https://www.gov.uk/government/speeches/pm-speech-at-the-jordan-growth-and-opportunity-conference"
"Theresa May","PM speech on making housing fairer: 5 March","5 March 2018","https://www.gov.uk/government/speeches/pm-speech-on-making-housing-fairer-5-march"
"Theresa May","PM speaks at the Commonwealth Business Forum: 16 April 2018","16 April 2018","https://www.gov.uk/government/speeches/pm-speaks-at-the-commonwealth-business-forum-16-april-2018"
"Theresa May","Prime Minister’s press statement in Nairobi: 30 August 2018","30 August 2018","https://www.gov.uk/government/speeches/prime-ministers-press-statement-in-nairobi-30-august-2018"
"Theresa May","PM speech at antisemitism reception: 26 November 2018","26 November 2018","https://www.gov.uk/government/speeches/pm-speech-at-antisemitism-reception-26-november-2018"
"Theresa May","PM speech to the National Housing Federation summit: 19 September 2018","19 September 2018","https://www.gov.uk/government/speeches/pm-speech-to-the-national-housing-federation-summit-19-september-2018"
"Theresa May","PM statement in the House of Commons: 13 March 2019","13 March 2019","https://www.gov.uk/government/speeches/pm-statement-in-the-house-of-commons-13-march-2019"
"Theresa May","A letter from the Prime Minister to UK nationals living in Europe","19 December 2017","https://www.gov.uk/government/speeches/a-letter-from-the-prime-minister-to-uk-nationals-living-in-europe"
"Theresa May","Prime Minister’s statement at the UK-Poland IGC: 20 December 2018","20 December 2018","https://www.gov.uk/government/speeches/prime-ministers-statement-at-the-uk-poland-igc-20-december-2018"
"Theresa May","PM speech at the Defence and National Rehabilitation Centre: 21 June 2018","21 June 2018","https://www.gov.uk/government/speeches/pm-speech-at-the-defence-and-national-rehabilitation-centre-21-june-2018"
"Theresa May","PM speech at Munich Security Conference: 17 February 2018","17 February 2018","https://www.gov.uk/government/speeches/pm-speech-at-munich-security-conference-17-february-2018"
"Theresa May","PM statement to the House: 16 January 2019","16 January 2019","https://www.gov.uk/government/speeches/pm-statement-to-the-house-16-january-2019"
"Theresa May","PM speech to the National Housing Federation summit: 19 September 2018","19 September 2018","https://www.gov.uk/government/speeches/pm-speech-to-the-national-housing-federation-summit-19-september-2018"
"Theresa May","PM’s speech at the Zero Emission Vehicle Summit: 11 September 2018","11 September 2018","https://www.gov.uk/government/speeches/pms-speech-at-the-zero-emission-vehicle-summit-11-september-2018"
"Theresa May","Prime Minister’s statement at the UK-Poland IGC: 20 December 2018","20 December 2018","https://www.gov.uk/government/speeches/prime-ministers-statement-at-the-uk-poland-igc-20-december-2018"
"Theresa May","PM statement on G7 summit: 11 June 2018","11 June 2018","https://www.gov.uk/government/speeches/pm-statement-on-g7-summit-11-june-2018"
"Theresa May","PM statement on European Council: 17 December 2018","17 December 2018","https://www.gov.uk/government/speeches/pm-statement-on-european-council-17-december-2018"
"Theresa May","PM speech at MS Society Reception: 5 November 2018","5 November 2018","https://www.gov.uk/government/speeches/pm-speech-at-ms-society-reception-5-november-2018"
"Theresa May","PM words at Chequers press conference: 13 July 2018","13 July 2018","https://www.gov.uk/government/speeches/pm-words-at-chequers-press-conference-13-july-2018"
"Theresa May","PM Commons statement on Salisbury incident: 12 March 2018","12 March 2018","https://www.gov.uk/government/speeches/pm-commons-statement-on-salisbury-incident-12-march-2018"
"Theresa May","PM's speech at Farnborough International Airshow: 16 July 2018","16 July 2018","https://www.gov.uk/government/speeches/pms-speech-at-farnborough-international-airshow-16-july-2018"
"Theresa May","PM Commons Statement on Salisbury incident response: 14 March 2018","14 March 2018","https://www.gov.uk/government/speeches/pm-commons-statement-on-salisbury-incident-response-14-march-2018"
"Theresa May","PM's speech at Diabetes Charities Reception: 24 June 2019","24 June 2019","https://www.gov.uk/government/speeches/pms-speech-at-diabetes-charities-reception-24-june-2019"
"Theresa May","Prime Minister's 2018 Christmas Message to the Armed Forces","23 December 2018","https://www.gov.uk/government/speeches/prime-ministers-2018-christmas-message-to-the-armed-forces"
"Theresa May","PM speech at reception for Women MPs of the World conference: 7 November 2018","7 November 2018","https://www.gov.uk/government/speeches/pm-speech-at-reception-for-women-mps-of-the-world-conference-7-november-2018"
"Theresa May","PM speech in Beijing: 1 February 2018","1 February 2018","https://www.gov.uk/government/speeches/pm-speech-in-beijing-1-february-2018"
"Theresa May","PM's statement on European Council: 22 October 2018","22 October 2018","https://www.gov.uk/government/speeches/pms-statement-on-european-council-22-october-2018"
"Theresa May","PM speech to the UN General Assembly: 26 September 2018","26 September 2018","https://www.gov.uk/government/speeches/pm-speech-to-the-un-general-assembly-26-september-2018"
"Theresa May","PM statement following Queen's Speech: 21 June 2017","21 June 2017","https://www.gov.uk/government/speeches/pm-queens-speech-statement-to-parliament-21-june-2017"
"Theresa May","PM words at Chequers press conference: 13 July 2018","13 July 2018","https://www.gov.uk/government/speeches/pm-words-at-chequers-press-conference-13-july-2018"
"Theresa May","PM statement at UNSC counter-proliferation event: 26 September","26 September 2018","https://www.gov.uk/government/speeches/pm-statement-at-unsc-counter-proliferation-event-26-september-2018"
"Theresa May","PM's speech at Diabetes Charities Reception: 24 June 2019","24 June 2019","https://www.gov.uk/government/speeches/pms-speech-at-diabetes-charities-reception-24-june-2019"
"Theresa May","PM speech about girls' education at UNGA: 25 September 2018","25 September 2018","https://www.gov.uk/government/speeches/pm-speech-about-girls-education-at-unga-25-september-2018"
"Theresa May","PM Commons statement on National Security and Russia: 26 March 2018","26 March 2018","https://www.gov.uk/government/speeches/pm-commons-statement-on-national-security-and-russia-26-march-2018"
"Theresa May","PM words at unveiling of Millicent Fawcett statue: 24 April 2018","24 April 2018","https://www.gov.uk/government/speeches/pm-words-at-unveiling-of-millicent-fawcett-statue-24-april-2018"
"Theresa May","PM remarks at the signing of the Edinburgh and South East Scotland City Deal: 7 August 2018","7 August 2018","https://www.gov.uk/government/speeches/pm-remarks-at-the-signing-of-the-edinburgh-and-south-east-scotland-city-deal-7-august-2018"
"Theresa May","PM's words from reception held at Downing Street to celebrate the winning England Cricket team","15 July 2019","https://www.gov.uk/government/speeches/pms-words-from-reception-held-at-downing-street-to-celebrate-the-winning-england-cricket-team"
"Theresa May","PM speech at the Africa ‘Call to Invest’ UNGA event","25 September 2018","https://www.gov.uk/government/speeches/pm-speech-at-the-africa-call-to-invest-unga-event"
"Theresa May","PM speech at the London Somalia Conference","11 May 2017","https://www.gov.uk/government/speeches/pm-speech-at-the-london-somalia-conference"
"Theresa May","PM speech at positive opportunities reception","15 July 2019","https://www.gov.uk/government/speeches/pm-speech-at-positive-opportunities-reception"
"Theresa May","PM press statement in South Africa: 28 August 2018","28 August 2018","https://www.gov.uk/government/speeches/pm-press-statement-in-south-africa-28-august-2018"
"Theresa May","Anti-slavery service: Prime Minister's speech","16 October 2016","https://www.gov.uk/government/speeches/anti-slavery-service-prime-ministers-speech"
"Theresa May","PM's speech at RAF100 Centenary celebration in Downing Street","23 May 2018","https://www.gov.uk/government/speeches/pms-speech-at-raf100-centenary-celebration-in-downing-street"
"Theresa May","PM speech on the NHS: 18 June 2018","18 June 2018","https://www.gov.uk/government/speeches/pm-speech-on-the-nhs-18-june-2018"
"Theresa May","PM speech at NHS 70 reception: 4 July 2018","4 July 2018","https://www.gov.uk/government/speeches/pm-speech-at-nhs-70-reception-4-july-2018"
"Theresa May","PM Commons statement on Westminster attack: 23 March 2017","23 March 2017","https://www.gov.uk/government/speeches/pm-commons-statement-on-westminster-attack-23-march-2017"
"Theresa May","PM statement following London terror attack: 4 June 2017","4 June 2017","https://www.gov.uk/government/speeches/pm-statement-following-london-terror-attack-4-june-2017"
"Theresa May","PM's words at opening of Commonwealth Heads of Government Meeting on 19 April 2018","19 April 2018","https://www.gov.uk/government/speeches/pms-words-at-opening-of-commonwealth-heads-of-government-meeting-on-19-april-2018"
"Theresa May","PM Statement – Inauguration of the British Normandy Memorial: 6 June 2019","6 June 2019","https://www.gov.uk/government/speeches/pm-statement-inauguration-of-the-british-normandy-memorial-6-june-2019"
"Theresa May","Press statement from the Prime Minister in Sharm el-Sheikh: 25 February 2019","25 February 2019","https://www.gov.uk/government/speeches/press-statement-from-the-prime-minister-in-sharm-el-sheikh-25-february-2019"
"Theresa May","PM statement: General election 2017","9 June 2017","https://www.gov.uk/government/speeches/pm-statement-general-election-2017"
"Theresa May","PM Commons statement on European Council: 26 March 2018","26 March 2018","https://www.gov.uk/government/speeches/pm-commons-statement-on-european-council-26-march-2018"
"Theresa May","PM Commons statement on Westminster attack: 23 March 2017","23 March 2017","https://www.gov.uk/government/speeches/pm-commons-statement-on-westminster-attack-23-march-2017"
"Theresa May","PM statement following terrorist attack in Manchester: 23 May 2017","23 May 2017","https://www.gov.uk/government/speeches/pm-statement-following-terrorist-attack-in-manchester-23-may-2017"
"Theresa May","PM opening words at the CHOGM Retreat on 20 April 2018","20 April 2018","https://www.gov.uk/government/speeches/pm-opening-words-at-the-chogm-retreat-on-20-april-2018"
"Theresa May","PM tech reception: ""We all have our part to play – let’s work together to achieve it.""","15 November 2017","https://www.gov.uk/government/speeches/pm-tech-reception-we-all-have-our-part-to-play-lets-work-together-to-achieve-it"
"Theresa May","PM statement: General election 2017","9 June 2017","https://www.gov.uk/government/speeches/pm-statement-general-election-2017"
"Theresa May","PM speech on standards in public life: 6 February 2018","6 February 2018","https://www.gov.uk/government/speeches/pm-speech-on-standards-in-public-life-6-february-2018"
"Theresa May","PM's statement on October European Council: 23 October 2017","23 October 2017","https://www.gov.uk/government/speeches/pms-statement-on-october-european-council-23-october-2017"
"Theresa May","PM Commons statement on European Council: 18 December 2017","18 December 2017","https://www.gov.uk/government/speeches/pm-commons-statement-on-european-council-18-december-2017"
"Theresa May","PM speech at London Fashion Week reception: 18 September 2018","18 September 2018","https://www.gov.uk/government/speeches/pm-speech-at-london-fashion-week-reception-18-september-2018"
"Theresa May","PM speech on standards in public life: 6 February 2018","6 February 2018","https://www.gov.uk/government/speeches/pm-speech-on-standards-in-public-life-6-february-2018"
"Theresa May","PM speaks at Commonwealth Press Conference: 20 April 2018","20 April 2018","https://www.gov.uk/government/speeches/pm-speaks-at-commonwealth-press-conference-20-april-2018"
"Theresa May","Grenfell Inquiry Chair: statement by the Prime Minister","29 June 2017","https://www.gov.uk/government/speeches/grenfell-inquiry-chair-statement-by-the-prime-minister"
"Theresa May","PM Commons statement on the European Council: 24 October 2016","24 October 2016","https://www.gov.uk/government/speeches/pm-commons-statement-on-the-european-council-24-oct-2016"
"Theresa May","PM's Chinese New Year speech","21 February 2018","https://www.gov.uk/government/speeches/pms-chinese-new-year-speech"
"Theresa May","Prime Minister's speech on the environment: 11 January 2018","11 January 2018","https://www.gov.uk/government/speeches/prime-ministers-speech-on-the-environment-11-january-2017"
"Theresa May","PM speaks at the Commonwealth Joint Forum Plenary: 17 April 2018","17 April 2018","https://www.gov.uk/government/speeches/pm-speaks-at-the-commonwealth-joint-forum-plenary-17-april-2018"
"Theresa May","PM: The right education for everyone","19 February 2018","https://www.gov.uk/government/speeches/pm-the-right-education-for-everyone"
"Theresa May","PM's speech in Cape Town: 28 August 2018","28 August 2018","https://www.gov.uk/government/speeches/pms-speech-in-cape-town-28-august-2018"
"Theresa May","PM speech to the Lord Mayor's Banquet 2017","13 November 2017","https://www.gov.uk/government/speeches/pm-speech-to-the-lord-mayors-banquet-2017"
"Theresa May","PM speech at NHS plan launch: 7 January 2019","7 January 2019","https://www.gov.uk/government/speeches/pm-speech-at-nhs-plan-launch-7-january-2019"
"Theresa May","St David's Day reception 2017: Prime Minister's speech","1 March 2017","https://www.gov.uk/government/speeches/st-davids-day-reception-2017-prime-ministers-speech"
"Theresa May","European Council June 2017: Prime Minister's press statement","23 June 2017","https://www.gov.uk/government/speeches/european-council-june-2017-prime-ministers-press-statement"
"Theresa May","PM meeting with President Erdogan: 28 January 2017","28 January 2017","https://www.gov.uk/government/speeches/pm-statement-following-talks-with-president-erdogan-28-january-2017"
"Theresa May","PM: The right education for everyone","19 February 2018","https://www.gov.uk/government/speeches/pm-the-right-education-for-everyone"
"Theresa May","PM speech at the Bloomberg Global Business Forum: 26 September 2018","26 September 2018","https://www.gov.uk/government/speeches/pm-speech-at-the-bloomberg-global-business-forum-26-september-2018"
"Theresa May","PM statement alongside PM Shinzo Abe of Japan: 10 January 2019","10 January 2019","https://www.gov.uk/government/speeches/pm-statement-alongside-pm-shinzo-abe-of-japan-10-january-2019"
"Theresa May","PM statement following talks with Japanese Prime Minister Abe: 28 April 2017","28 April 2017","https://www.gov.uk/government/speeches/pm-statement-following-talks-with-japanese-prime-minister-abe-28-april-2017"
"Theresa May","PM's speech at emergency services reception","23 October 2018","https://www.gov.uk/government/speeches/pms-speech-at-emergency-services-reception"
"Theresa May","PM statement at the G7 Summit in Sicily : 26 May 2017","26 May 2017","https://www.gov.uk/government/speeches/pm-statement-at-the-g7-summit-in-sicily-26-may-2017"
"Theresa May","PM Commons statement on future of Trident: 18 July 2016","17 July 2016","https://www.gov.uk/government/speeches/pm-commons-statement-on-future-of-trident-18-july-2016"
"Theresa May","PM and Danish Prime Minister Rasmussen statements in Copenhagen: 10 October 2016","10 October 2016","https://www.gov.uk/government/speeches/pm-statement-in-copenhagen-10-october-2016"
"Theresa May","""Together, let’s make a difference""– PM marks Black History Month","17 October 2017","https://www.gov.uk/government/speeches/together-lets-make-a-difference-pm-marks-black-history-month"
"Theresa May","PM statement alongside PM Shinzo Abe of Japan: 10 January 2019","10 January 2019","https://www.gov.uk/government/speeches/pm-statement-alongside-pm-shinzo-abe-of-japan-10-january-2019"
"Theresa May","PM statement following talks with Japanese Prime Minister Abe: 28 April 2017","28 April 2017","https://www.gov.uk/government/speeches/pm-statement-following-talks-with-japanese-prime-minister-abe-28-april-2017"
"Theresa May","PM speech at Leaders Summit on Refugees: 20 September 2016","20 September 2016","https://www.gov.uk/government/speeches/pm-speech-at-leaders-summit-on-refugees-20-september-2016"
"Theresa May","PM speech at Wuhan University: 31 January 2018","31 January 2018","https://www.gov.uk/government/speeches/pm-speech-at-wuhan-university-31-january-2018"
"Theresa May","PM speech to the Qatar-UK Business and Investment Forum","28 March 2017","https://www.gov.uk/government/speeches/pm-speech-to-the-uk-qatar-business-and-investment-forum"
"Theresa May","Shrove Tuesday reception 2017: Prime Minister's speech","28 February 2017","https://www.gov.uk/government/speeches/shrove-tuesday-reception-2017-prime-ministers-speech--2"
"Theresa May","PM statement in Northern Ireland: 25 July 2016","25 July 2016","https://www.gov.uk/government/speeches/pm-statement-in-northern-ireland-25-july-2016"
"Theresa May","Sovereign's Parade, April 2017: Prime Minister's speech","13 April 2017","https://www.gov.uk/government/speeches/sovereigns-parade-april-2017-prime-ministers-speech"
"Theresa May","Britain, the great meritocracy: Prime Minister's speech","9 September 2016","https://www.gov.uk/government/speeches/britain-the-great-meritocracy-prime-ministers-speech"
"Theresa May","European Council March 2017: Prime Minister's press statement","9 March 2017","https://www.gov.uk/government/speeches/pm-statement-at-european-council-meeting-9-march-2017"
"Theresa May","PM statement on European Council: 6 February 2017","6 February 2017","https://www.gov.uk/government/speeches/pm-statement-on-european-council-6-february-2017"
"Theresa May","Shrove Tuesday reception 2017: Prime Minister's speech","28 February 2017","https://www.gov.uk/government/speeches/shrove-tuesday-reception-2017-prime-ministers-speech--2"
"Theresa May","PM's address to British Troops at Tapa Military Base in Estonia","29 September 2017","https://www.gov.uk/government/speeches/pms-address-to-british-troops-at-tapa-military-base-in-estonia"
"Theresa May","PM's address at Team GB & Paralympics GB athletes reception: 17 October 2016","17 October 2016","https://www.gov.uk/government/speeches/pms-address-at-team-gb-paralympics-gb-athletes-reception-17-october-2016"
"Theresa May","PM speech at DrugFam reception","27 November 2017","https://www.gov.uk/government/speeches/pm-speech-at-drugfam-reception"
"Theresa May","Britain, the great meritocracy: Prime Minister's speech","9 September 2016","https://www.gov.uk/government/speeches/britain-the-great-meritocracy-prime-ministers-speech"
"Theresa May","PM's Florence speech: a new era of cooperation and partnership between the UK and the EU","22 September 2017","https://www.gov.uk/government/speeches/pms-florence-speech-a-new-era-of-cooperation-and-partnership-between-the-uk-and-the-eu"
"Theresa May","PM statement after talks with Enda Kenny: 30 January 2017","30 January 2017","https://www.gov.uk/government/speeches/pm-statement-after-talks-with-taoiseach-enda-kenny-30-january-2017"
"Theresa May","Prime Minister's speech to the Republican Party conference 2017","26 January 2017","https://www.gov.uk/government/speeches/prime-ministers-speech-to-the-republican-party-conference-2017"
"Theresa May","PM Commons statement on the European Council: 19 December 2016","19 December 2016","https://www.gov.uk/government/speeches/pm-commons-statement-on-the-european-council-19-december-2016"
"Theresa May","PM speech at 20th anniversary of Bank of England independence event","27 September 2017","https://www.gov.uk/government/speeches/pm-speech-at-20th-anniversary-of-bank-of-england-independence-event"
"Theresa May","G20 Summit, China: Prime Minister's press conference – 5 September 2016","5 September 2016","https://www.gov.uk/government/speeches/g20-summit-china-prime-ministers-press-conference-5-september-2016"
"Theresa May","Bangalore reception for the India-UK Tech Summit: Prime Minister's Speech","8 November 2016","https://www.gov.uk/government/speeches/bangalore-reception-for-the-india-uk-tech-summit-prime-ministers-speech"
"Theresa May","PM speech at Commonwealth leaders reception","19 September 2017","https://www.gov.uk/government/speeches/pm-speech-at-commonwealth-leaders-reception"
"Theresa May","European Council October 2016: Prime Minister's press statement","21 October 2016","https://www.gov.uk/government/speeches/european-council-october-2016-prime-ministers-press-statement"
"Theresa May","G20 Summit: PM Commons statement – 7 September 2016","7 September 2016","https://www.gov.uk/government/speeches/g20-summit-pm-commons-statement-7-september-2016"
"Theresa May","G20 Summit July 2017: Prime Minister's press statement","8 July 2017","https://www.gov.uk/government/speeches/g20-summit-july-2017-prime-ministers-press-statement"
"Theresa May","PM's Florence speech: a new era of cooperation and partnership between the UK and the EU","22 September 2017","https://www.gov.uk/government/speeches/pms-florence-speech-a-new-era-of-cooperation-and-partnership-between-the-uk-and-the-eu"
"Theresa May","PM press conference with Italian Prime Minister Gentiloni: 9 February 2017","9 February 2017","https://www.gov.uk/government/speeches/pm-press-conference-with-italian-prime-minister-gentiloni-9-february-2017"
"Theresa May","Prime Minister's speech to HMS Ocean ship's company in Bahrain","6 December 2016","https://www.gov.uk/government/speeches/prime-ministers-to-hms-ocean-ships-company-in-bahrain"
"Theresa May","PM Business Forum speech in Shanghai: 2 February 2018","2 February 2018","https://www.gov.uk/government/speeches/pm-business-forum-speech-in-shanghai-2-february-2018"
"Theresa May","PM and Polish Prime Minister Szydło statements in Warsaw: 28 July 2016","28 July 2016","https://www.gov.uk/government/speeches/pm-press-statement-in-warsaw-28-july-2016"
"Theresa May","PM address to troops at RAF Akrotiri: 22 December 2017","22 December 2017","https://www.gov.uk/government/speeches/pm-address-to-troops-at-raf-akrotiri-22-december-2017"
"Theresa May","PM Commons statement on European Council: 26 June 2017","26 June 2017","https://www.gov.uk/government/speeches/pm-commons-statement-on-european-council-26-june-2017"
"Theresa May","PM Commons statement on European Council: 14 March 2017","14 March 2017","https://www.gov.uk/government/speeches/pm-commons-statement-on-european-council-14-march-2017"
"Theresa May","PM statement following second COBR meeting on Manchester attack: 23 May 2017","23 May 2017","https://www.gov.uk/government/speeches/pm-statement-following-second-cobr-meeting-on-manchester-attack-23-may-2017"
"Theresa May","The government's negotiating objectives for exiting the EU: PM speech","17 January 2017","https://www.gov.uk/government/speeches/the-governments-negotiating-objectives-for-exiting-the-eu-pm-speech"
"Theresa May","PM speech to Department for International Development staff","27 March 2017","https://www.gov.uk/government/speeches/pm-speech-to-department-for-international-development-staff"
"Theresa May","PM's speech to the CBI conference: 6 November 2017","6 November 2017","https://www.gov.uk/government/speeches/pms-speech-to-the-cbi-conference-6-november-2017"
"Theresa May","Prime Minister's speech to the Gulf Co-operation Council 2016","7 December 2016","https://www.gov.uk/government/speeches/prime-ministers-speech-to-the-gulf-co-operation-council-2016"
"Theresa May","Colombian state visit: PM and President Santos' press statements","2 November 2016","https://www.gov.uk/government/speeches/president-of-colombia-state-visit-prime-ministers-press-statement"
"Theresa May","India-UK Tech Summit: Prime Minister's speech","7 November 2016","https://www.gov.uk/government/speeches/india-uk-tech-summit-prime-ministers-speech"
"Theresa May","PM Commons statement on European Council: 26 June 2017","26 June 2017","https://www.gov.uk/government/speeches/pm-commons-statement-on-european-council-26-june-2017"
"Theresa May","PM speech at McCain Institute Awards: 09 October 2018","9 October 2018","https://www.gov.uk/government/speeches/pm-speech-at-mccain-institute-awards-09-october-2018"
"Theresa May","The shared society: Prime Minister's speech at the Charity Commission annual meeting","9 January 2017","https://www.gov.uk/government/speeches/the-shared-society-prime-ministers-speech-at-the-charity-commission-annual-meeting"
"Theresa May","PM statement following bilateral talks with Prime Minister Modi: 7 November 2016","7 November 2016","https://www.gov.uk/government/speeches/pm-statement-following-bilateral-talks-with-prime-minister-modi-7-november-2016"
"Theresa May","""Britain will be a partner you can depend on"" - PM in Jordan","30 November 2017","https://www.gov.uk/government/speeches/britain-will-be-a-partner-you-can-depend-on-pm-in-jordan"
"Theresa May","CBI annual conference 2016: Prime Minister's speech","21 November 2016","https://www.gov.uk/government/speeches/cbi-annual-conference-2016-prime-ministers-speech"
"Theresa May","PM speech to the Lord Mayor's Banquet: 14 November 2016","14 November 2016","https://www.gov.uk/government/speeches/pm-speech-to-the-lord-mayors-banquet-14-november-2016"
"Theresa May","Davos 2017: Prime Minister's speech to the World Economic Forum","19 January 2017","https://www.gov.uk/government/speeches/davos-2017-prime-ministers-speech-to-the-world-economic-forum"
"Theresa May","Queen's birthday celebration 2019 in Kinshasa, DRC: Ambassador's speech","7 June 2019","https://www.gov.uk/government/speeches/queens-birthday-celebration-2019-in-kinshasa-drc-ambassadors-speech"
"Theresa May","Businesses that work for all","17 October 2016","https://www.gov.uk/government/speeches/businesses-that-work-for-all"
"Theresa May","PM and Chancellor Merkel statements: 18 November 2016","18 November 2016","https://www.gov.uk/government/speeches/pm-and-chancellor-merkel-statements-18-november-2016"
"Theresa May","DFID Ghana Deputy Country Director's speech at FSD Africa/SEC Ghana signing ceremony","21 November 2018","https://www.gov.uk/government/speeches/dfid-ghana-deputy-country-directors-speech-at-fsd-africa-sec-ghana-signing-ceremony"
"Theresa May","The Queen’s birthday celebration 2019 in Nur-Sultan, Kazakhstan: Ambassador's speech","6 June 2019","https://www.gov.uk/government/speeches/queens-birthday-celebration-2019-in-nur-sultan-kazakhstan-mike-giffords-speech"
"Theresa May","British High Commissioner to Malta Stuart Gill discusses Brexit","10 March 2017","https://www.gov.uk/government/speeches/british-high-commissioner-to-malta-stuart-gill-discusses-brexit"
"Theresa May","""The United Kingdom is a long-standing and firm supporter of the need for reform of the UN Security Council.""","7 November 2016","https://www.gov.uk/government/speeches/the-united-kingdom-is-a-long-standing-and-firm-supporter-of-the-need-for-reform-of-the-un-security-council"
"Theresa May","Why our future matters more than our past: op-ed by Iain Walker","15 October 2018","https://www.gov.uk/government/speeches/uk-ghana-why-our-future-matters-more-than-our-past"
"Theresa May","British High Commissioner to Malta Stuart Gill discusses Brexit","10 March 2017","https://www.gov.uk/government/speeches/british-high-commissioner-to-malta-stuart-gill-discusses-brexit"
"Theresa May","David Cameron's departing words as Prime Minister","13 July 2016","https://www.gov.uk/government/speeches/david-camerons-departing-words-as-prime-minister"
"Theresa May","UK support for Pacific Islands on climate change","4 September 2018","https://www.gov.uk/government/speeches/uk-support-for-pacific-islands-on-climate-change"
"Theresa May","David Cameron's departing words as Prime Minister","13 July 2016","https://www.gov.uk/government/speeches/david-camerons-departing-words-as-prime-minister"
"Theresa May","Why British trade with Africa, Caribbean and Pacific nations can boom after Brexit","24 October 2018","https://www.gov.uk/government/speeches/why-british-trade-with-africa-caribbean-and-pacific-nations-can-boom-after-brexit--2"
"Theresa May","The Story of Israel: Chancellor of the Duchy of Lancaster speech to the Celebrating Israel at 70 event","24 May 2018","https://www.gov.uk/government/speeches/chancellor-of-the-duchy-of-lancaster-speech-to-celebrating-israel-at-70-event"
"Theresa May","British High Commissioner to Malaysia speaks on BREXIT","23 August 2016","https://www.gov.uk/government/speeches/british-higher-commissioner-to-malaysia-speaks-on-brexit"
"Theresa May","Britain needs its allies to stand with us against Russia: article by Boris Johnson","14 March 2018","https://www.gov.uk/government/speeches/britain-needs-its-allies-to-stand-with-us-against-russia-article-by-boris-johnson"
"Theresa May","Liam Fox's speech at the Qatar-UK Trade and Investment Conference, Birmingham","28 March 2017","https://www.gov.uk/government/speeches/liam-foxs-speech-at-the-qatar-uk-trade-and-investment-conference-birmingham"
"Theresa May","'Building the closest possible ties between the UK and India'","22 November 2016","https://www.gov.uk/government/speeches/building-the-closest-possible-ties-between-the-uk-and-india"
"Theresa May","HM Ambassador, Duncan Norman, presents his credentials","25 August 2016","https://www.gov.uk/government/speeches/hm-ambassador-duncan-norman-presents-his-credentials"
"Theresa May","A revitalised and relevant Commonwealth: article by High Commissioner James Dauris","25 April 2018","https://www.gov.uk/government/speeches/a-revitalised-and-relevant-commonwealth-article-by-hma-james-dauris"
"Theresa May","British High Commissioner to Malaysia speaks on BREXIT","23 August 2016","https://www.gov.uk/government/speeches/british-higher-commissioner-to-malaysia-speaks-on-brexit"
"Theresa May","Celebrating LGBTI allies","17 May 2018","https://www.gov.uk/government/speeches/celebrating-lgbti-allies"
"Theresa May","Queen’s birthday celebration 2019 in Bosnia and Herzegovina: Ambassador’s speech","7 June 2019","https://www.gov.uk/government/speeches/queens-birthday-celebration-2019-in-bosnia-and-herzegovina-ambassadors-speech"
"Theresa May","Liam Fox's speech at the Qatar-UK Trade and Investment Conference, Birmingham","28 March 2017","https://www.gov.uk/government/speeches/liam-foxs-speech-at-the-qatar-uk-trade-and-investment-conference-birmingham"
"Theresa May","Climate change threatens lives and economies across the globe","11 July 2018","https://www.gov.uk/government/speeches/climate-change-threatens-lives-and-economies-across-the-globe"
"Theresa May","Queen's Birthday Party 2017 in Tirana","21 April 2017","https://www.gov.uk/government/speeches/queens-birthday-party-2017-in-tirana"
"Theresa May","Ambassador Quarrey's speech for International Holocaust Remembrance Day","27 January 2017","https://www.gov.uk/government/speeches/ambassador-quarreys-speech-for-international-holocaust-remembrance-day"
"Theresa May","Speech by Ambassador to Mongolia at 55th anniversary celebration of UK-Mongolia diplomatic relations","23 January 2018","https://www.gov.uk/government/speeches/speech-by-ambassador-to-mongolia-at-the-55th-anniversary-of-uk-mongolia-diplomatic-relations-reception"
"Theresa May","British High Commissioner's speech at the World Trade Centre in Accra","26 July 2016","https://www.gov.uk/government/speeches/british-high-commissioner-accra-speech-at-the-world-trade-centre-accra-business-breakfast"
"Theresa May","""We need a more forceful and unified UN approach to human trafficking and modern slavery and forced labour""","15 March 2017","https://www.gov.uk/government/speeches/we-need-a-more-forceful-and-unified-un-approach-to-human-trafficking-and-modern-slavery-and-forced-labour"
"Theresa May","UK-India Technology Business Incubator workshop in Chennai","22 November 2016","https://www.gov.uk/government/speeches/uk-india-technology-business-incubator-workshop-in-chennai"
"Theresa May","Call to redouble efforts to defeat Daesh","8 February 2018","https://www.gov.uk/government/speeches/call-to-redouble-efforts-to-defeat-daesh"
"Theresa May","Brexit: Lessons, Challenges and Opportunities for Nigeria","6 April 2017","https://www.gov.uk/government/speeches/brexit-lessons-challenges-and-opportunities-for-nigeria"
"Theresa May","British High Commissioner's speech at the World Trade Centre in Accra","26 July 2016","https://www.gov.uk/government/speeches/british-high-commissioner-accra-speech-at-the-world-trade-centre-accra-business-breakfast"
"Theresa May","Alok Sharma's speech at the Royal Institution Global Conference on Good Governance","6 December 2016","https://www.gov.uk/government/speeches/alok-sharmas-speech-at-the-royal-institution-global-conference-on-good-governance"
"Theresa May","""Forced labour in the DPRK is a travesty, a tragedy, one that has led to the deaths of hundreds of thousands of North Koreans.""","9 December 2016","https://www.gov.uk/government/speeches/forced-labour-in-the-dprk-is-a-travesty-a-tragedy-one-that-has-led-to-the-deaths-of-hundreds-of-thousands-of-north-koreans"
"Theresa May","""We need a more forceful and unified UN approach to human trafficking and modern slavery and forced labour""","15 March 2017","https://www.gov.uk/government/speeches/we-need-a-more-forceful-and-unified-un-approach-to-human-trafficking-and-modern-slavery-and-forced-labour"
"Theresa May","MC11 Commonwealth Reception speech by the Secretary of State for International Trade","12 December 2017","https://www.gov.uk/government/speeches/mc11-commonwealth-reception-speech-by-the-secretary-of-state-for-international-trade"
"Theresa May","STEMM education is route to empowerment and leadership for women","28 November 2016","https://www.gov.uk/government/speeches/stemm-education-is-route-to-empowerment-and-leadership-for-women"
"Theresa May","Call to redouble efforts to defeat Daesh","8 February 2018","https://www.gov.uk/government/speeches/call-to-redouble-efforts-to-defeat-daesh"
"Theresa May","Celebrating trading opportunities between China and the UK","11 May 2018","https://www.gov.uk/government/speeches/celebrating-trading-opportunities-between-china-and-the-uk"
"Theresa May","Lessons from Eid al-Adha","13 September 2016","https://www.gov.uk/government/speeches/lessons-from-eid-al-adha"
"Theresa May","""Forced labour in the DPRK is a travesty, a tragedy, one that has led to the deaths of hundreds of thousands of North Koreans.""","9 December 2016","https://www.gov.uk/government/speeches/forced-labour-in-the-dprk-is-a-travesty-a-tragedy-one-that-has-led-to-the-deaths-of-hundreds-of-thousands-of-north-koreans"
"Theresa May","MC11 Commonwealth Reception speech by the Secretary of State for International Trade","12 December 2017","https://www.gov.uk/government/speeches/mc11-commonwealth-reception-speech-by-the-secretary-of-state-for-international-trade"
"Theresa May","PM speech at UNGA: preventing terrorist use of the internet.","20 September 2017","https://www.gov.uk/government/speeches/pm-speech-at-unga-preventing-terrorist-use-of-the-internet"
"Theresa May","The Start-Up Games: backing the Western Balkans’ Entrepreneurs","9 July 2018","https://www.gov.uk/government/speeches/the-start-up-games-backing-the-western-balkans-entrepreneurs"
"Theresa May","The British High Commissioner's Queen's Birthday Party Speech","27 April 2017","https://www.gov.uk/government/speeches/the-british-high-commissioners-queens-birthday-party-speech--2"
"Theresa May","Priti Patel: Modern Slavery","19 September 2017","https://www.gov.uk/government/speeches/priti-patel-modern-slavery"
"Theresa May","Lessons from Eid al-Adha","13 September 2016","https://www.gov.uk/government/speeches/lessons-from-eid-al-adha"
"Theresa May","Sir Eric Pickles speech on tackling corruption","13 October 2016","https://www.gov.uk/government/speeches/sir-eric-pickles-speech-on-tackling-corruption"
"Theresa May","London Somalia Conference 2017: President Mohamed Abdullahi Mohamed's opening speech","11 May 2017","https://www.gov.uk/government/speeches/london-somalia-conference-2017-president-mohamed-abdullahi-mohameds-opening-speech"
"Theresa May","DRC: The Ambassador's speech at the 2018 Queen's Birthday Party in Kinshasa","14 June 2018","https://www.gov.uk/government/speeches/drc-the-ambassadors-speech-at-the-2018-queens-birthday-party-in-kinshasa"
"Theresa May","Townhall meeting for British nationals - opening remarks","9 January 2019","https://www.gov.uk/government/speeches/townhall-meeting-for-british-nationals-opening-remarks"
"Theresa May","PM press conference with Chancellor Merkel: 16 February 2018","16 February 2018","https://www.gov.uk/government/speeches/pm-press-conference-with-chancellor-merkel-16-february-2018"
"Theresa May","Alok Sharma on UK-Japan international cooperation","27 September 2016","https://www.gov.uk/government/speeches/alok-sharma-on-uk-japan-international-cooperation"
"Theresa May","Sir Eric Pickles speech on tackling corruption","13 October 2016","https://www.gov.uk/government/speeches/sir-eric-pickles-speech-on-tackling-corruption"
"Theresa May","Japan and the UK: an enduring trade partnership","10 May 2018","https://www.gov.uk/government/speeches/japan-and-the-uk-an-enduring-trade-partnership"
"Theresa May","Irish Times Brexit Summit closing speech","7 November 2016","https://www.gov.uk/government/speeches/irish-times-brexit-summit-closing-speech"
"Theresa May","Minister of State for Trade and Export Promotion speech at UK-Ghana Investment Summit","15 October 2018","https://www.gov.uk/government/speeches/minister-of-state-for-trade-and-export-promotion-speech-at-uk-ghana-investment-summit"
"Theresa May","David Lammy's key note speech at the Lammy Review Trust in the CJS event","8 September 2016","https://www.gov.uk/government/speeches/david-lammys-key-note-speech-at-the-lammy-review-trust-in-the-cjs-event"
"Theresa May","Minister Harriett Baldwin's address to the Make In India Conference","13 February 2016","https://www.gov.uk/government/speeches/minister-harriett-baldwins-address-to-the-make-in-india-conference"
"Theresa May","The Future of ASEAN-UK Cooperation, Post-Brexit: Minister Field","8 November 2018","https://www.gov.uk/government/speeches/the-future-of-asean-uk-cooperation-post-brexit-minister-field"
"Theresa May","Fox: Trends and Challenges in Rebalancing the World Economy","6 November 2018","https://www.gov.uk/government/speeches/fox-trends-and-challenges-in-rebalancing-the-world-economy"
"Theresa May","A new generation of shipbuilders","19 October 2016","https://www.gov.uk/government/speeches/a-new-generation-of-shipbuilders"
"Theresa May","Open for business: bringing the Midlands to the Midwest","19 September 2016","https://www.gov.uk/government/speeches/open-for-business-bringing-the-midlands-to-the-midwest"
"Theresa May","Alok Sharma speech at UK-India Business Council Event","12 December 2016","https://www.gov.uk/government/speeches/alok-sharma-speech-at-uk-india-business-council-event"
"Theresa May","Leader of the Commons addresses Institute for Government","14 September 2017","https://www.gov.uk/government/speeches/leader-of-the-commons-addresses-institute-for-government"
"Theresa May","Artificial Intelligence - a collaboration","12 August 2018","https://www.gov.uk/government/speeches/artificial-intelligence-a-collaboration"
"Theresa May","Lord Ashton Heritage Alliance Speech","1 December 2016","https://www.gov.uk/government/speeches/lord-ashton-heritage-alliance-speech"
"Theresa May","'TECH Summit is an opportunity to talk about wider collaborations'","27 October 2016","https://www.gov.uk/government/speeches/tech-summit-is-an-opportunity-to-talk-about-wider-collaborations"
"Theresa May","Liam Fox's speech celebrating 100 years of the British Chamber in Brazil","8 December 2016","https://www.gov.uk/government/speeches/liam-foxs-speech-celebrating-100-years-of-the-british-chamber-in-brazil"
"Theresa May","Minister Field talks about creating a free, open and secure cyberspace for all","3 October 2017","https://www.gov.uk/government/speeches/a-free-open-secure-cyberspace-for-all"
"Theresa May","Brexit: Next steps and implications for the Nigerian economy","17 November 2016","https://www.gov.uk/government/speeches/brexit-next-steps-and-implications-for-the-nigerian-economy"
"Theresa May","Foreign Secretary's speech at Raisina Dialogue, New Delhi","18 January 2017","https://www.gov.uk/government/speeches/foreign-secretarys-speech-at-raisina-dialogue-new-delhi"
"Theresa May","Remarks by the Prime Minister of Jordan, His Excellency Omar Razzaz, to the Jordan: Growth and Opportunity Conference","28 February 2019","https://www.gov.uk/government/speeches/remarks-by-the-prime-minister-of-jordan-his-excellency-omar-razzaz-to-the-jordan-growth-and-opportunity-conference"
"Theresa May","Foreign Secretary speech at the British Chamber of Commerce","28 February 2017","https://www.gov.uk/government/speeches/foreign-secretary-speech-at-the-british-chamber-of-commerce"
"Theresa May","Britain and Germany’s special and enduring partnership","12 January 2018","https://www.gov.uk/government/speeches/britain-and-germanys-special-and-enduring-partnership"
"Theresa May","Investing in the Midlands","21 July 2016","https://www.gov.uk/government/speeches/investing-in-the-midlands"
"Theresa May","Foreign Secretary's Mansion House speech at the Lord Mayor's Easter Banquet 2018","28 March 2018","https://www.gov.uk/government/speeches/foreign-secretarys-lord-mayors-easter-banquet-speech-at-mansion-house-wednesday-28-march"
"Theresa May","Evidence of Russia's Involvement in Salisbury Attack","6 September 2018","https://www.gov.uk/government/speeches/you-dont-recruit-an-arsonist-to-put-out-a-fire-you-especially-dont-do-that-when-the-fire-is-one-they-caused"
"Theresa May","Lord Ahmad of Wimbledon's speech at the launch of the 2016 Annual Human Rights Report","25 July 2017","https://www.gov.uk/government/speeches/lord-ahmad-of-wimbledons-speech-at-the-launch-of-the-2016-annual-human-rights-report"
"Theresa May","Lord Ahmad speech: Why it matters to be intolerant of intolerance","30 January 2018","https://www.gov.uk/government/speeches/lord-ahmad-speech-why-it-matters-to-be-intolerant-of-intolerance"
"Theresa May","International scientific solutions to our shared global challenge","25 July 2016","https://www.gov.uk/government/speeches/international-scientific-solutions-to-our-shared-global-challenge"
"Theresa May","David Lammy’s speech to the National Police Conference","16 November 2016","https://www.gov.uk/government/speeches/david-lammys-speech-to-the-national-police-conference"
"Theresa May","Home Secretary's speech at the Jewish News BICOM policy conference","30 November 2016","https://www.gov.uk/government/speeches/home-secretarys-speech-at-the-jewish-news-bicom-policy-conference"
"Theresa May","Foreign Secretary speech: ""Britain is back East of Suez""","9 December 2016","https://www.gov.uk/government/speeches/foreign-secretary-speech-britain-is-back-east-of-suez"
"Theresa May","PM's press conference statement on Syria: 14 April 2018","14 April 2018","https://www.gov.uk/government/speeches/pms-press-conference-statement-on-syria-14-april-2013"
"Theresa May","David Currie on why competition matters to the whole of the UK","12 December 2017","https://www.gov.uk/government/speeches/david-currie-on-why-competition-matters-to-the-whole-of-the-uk"
"Theresa May","Baroness Neville-Rolfe's speech on energy efficiency","14 October 2016","https://www.gov.uk/government/speeches/baroness-neville-rolfes-speech-on-energy-efficiency"
"Theresa May","The importance of industrial strategy","27 September 2016","https://www.gov.uk/government/speeches/the-importance-of-industrial-strategy"
"Theresa May","“Britain and Singapore are natural allies in the global fight against corruption” says Financial Secretary","19 September 2016","https://www.gov.uk/government/speeches/britain-and-singapore-are-natural-allies-in-the-global-fight-against-corruption-says-financial-secretary"
"Theresa May","David Lammy's speech to London Councils","15 July 2016","https://www.gov.uk/government/speeches/review-of-bame-representation-in-the-criminal-justice-system"
"Theresa May","Home Secretary Police Superintendents' Conference speech 2018","11 September 2018","https://www.gov.uk/government/speeches/home-secretary-police-superintendents-conference-speech-2018"
"Theresa May","Modernising the UK’s airspace","25 January 2017","https://www.gov.uk/government/speeches/modernising-the-uks-airspace"
"Theresa May","Robert Halfon: BETT 2017 speech","26 January 2017","https://www.gov.uk/government/speeches/robert-halfon-bett-2017-speech"
"Theresa May","Secretary of State's speech to Washington Chamber of Commerce","8 September 2016","https://www.gov.uk/government/speeches/secretary-of-states-speech-to-washington-chamber-of-commerce"
"Theresa May","The UK needs a successful, growing aviation industry","7 March 2017","https://www.gov.uk/government/speeches/the-uk-needs-a-successful-growing-aviation-industry"
"Theresa May","Launch of the Clean Growth Strategy","12 October 2017","https://www.gov.uk/government/speeches/launch-of-the-clean-growth-strategy"
"Theresa May","UK-India working together to counter extremism","12 June 2018","https://www.gov.uk/government/speeches/uk-india-working-together-to-counter-extremism"
"Theresa May","Liechtenstein Farewell Speech","24 November 2017","https://www.gov.uk/government/speeches/liechtenstein-farewell-speech"
"Theresa May","Building a global Britain","10 April 2018","https://www.gov.uk/government/speeches/building-a-global-britain"
"Theresa May","Liam Fox's speech at the Qatar-UK Trade and Investment Conference","27 March 2017","https://www.gov.uk/government/speeches/liam-foxs-speech-at-the-qatar-uk-trade-and-investment-conference"
"Theresa May","'We seek to align UK interests with ambitions of Karnataka'","24 May 2017","https://www.gov.uk/government/speeches/we-seek-to-align-uk-interests-with-ambitions-of-karnataka"
"Theresa May","Robin Walker's speech to the Chemical Industries Association Conference","17 November 2016","https://www.gov.uk/government/speeches/robin-walkers-speech-to-the-chemical-industries-association-conference"
"Theresa May","David Lammy's speech to London Councils","15 July 2016","https://www.gov.uk/government/speeches/review-of-bame-representation-in-the-criminal-justice-system"
"Theresa May","Dr Liam Fox: Future of Trade and Export Forum speech","26 June 2019","https://www.gov.uk/government/speeches/dr-liam-fox-future-of-trade-export-forum-speech"
"Theresa May","Launch of the Clean Growth Strategy","12 October 2017","https://www.gov.uk/government/speeches/launch-of-the-clean-growth-strategy"
"Theresa May","Greg Hands speech at the Financial Times Brexit and beyond summit","4 April 2017","https://www.gov.uk/government/speeches/greg-hands-speech-at-the-financial-times-brexit-and-beyond-summit"
"Theresa May","Alok Sharma's speech to British Chamber of Commerce, Hong Kong","2 December 2016","https://www.gov.uk/government/speeches/alok-sharmas-speech-to-british-chamber-of-commerce-hong-kong"
"Theresa May","Robin Walker's speech to the Chemical Industries Association Conference","17 November 2016","https://www.gov.uk/government/speeches/robin-walkers-speech-to-the-chemical-industries-association-conference"
"Theresa May","Home Secretary speech to Community Security Trust annual dinner","1 March 2017","https://www.gov.uk/government/speeches/home-secretary-speech-to-community-security-trust-annual-dinner"
"Theresa May","Lord Ahmad's Human Rights speech","23 July 2018","https://www.gov.uk/government/speeches/lord-ahmads-human-rights-speech"
"Theresa May","Uniting for a Great Brexit: Foreign Secretary's speech","14 February 2018","https://www.gov.uk/government/speeches/foreign-secretary-speech-uniting-for-a-great-brexit"
"Theresa May","British Irish Parliamentary Assembly speech, November 2016","28 November 2016","https://www.gov.uk/government/speeches/british-irish-parliamentary-assembly-speech-november-2016"
"Theresa May","Writing a new chapter in the Global Era","10 April 2018","https://www.gov.uk/government/speeches/writing-a-new-chapter-in-the-global-era"
"Theresa May","Mark Garnier’s speech at Fintech Connect Live 2016","6 December 2016","https://www.gov.uk/government/speeches/mark-garniers-speech-at-fintech-connect-live-2016"
"Theresa May","Mark Garnier’s speech at the ABI conference","22 November 2016","https://www.gov.uk/government/speeches/mark-garniers-speech-at-the-abi-conference"
"Theresa May","Countering online radicalisation and extremism: Baroness Shields' speech","27 March 2017","https://www.gov.uk/government/speeches/countering-online-radicalisation-and-extremism-baroness-shields-speech"
"Theresa May","Baroness Shields' speech: the reality of young life behind screens","3 October 2017","https://www.gov.uk/government/speeches/baroness-shields-speech-the-reality-of-young-life-behind-screens"
"Theresa May","Alan Duncan speech to the Chicago Council on Global Affairs","2 October 2017","https://www.gov.uk/government/speeches/alan-duncan-speech-to-the-chicago-council-on-global-affairs"
"Theresa May","Greg Clark speech to the British Chambers of Commerce","28 February 2017","https://www.gov.uk/government/speeches/greg-clark-speech-to-the-british-chambers-of-commerce"
"Theresa May","Greg Clark speech at Energy UK","10 November 2016","https://www.gov.uk/government/speeches/greg-clark-speech-at-energy-uk"
"Theresa May","CPRE Annual Lecture","20 February 2017","https://www.gov.uk/government/speeches/cpre-annual-lecture"
"Theresa May","Sir Michael Wilshaw's speech at the Baker Dearing UTC conference","21 July 2016","https://www.gov.uk/government/speeches/sir-michael-wilshaws-speech-at-the-baker-dearing-utc-conference"
"Theresa May","Beyond Brexit: a Global Britain","2 December 2016","https://www.gov.uk/government/speeches/beyond-brexit-a-global-britain"
"Theresa May","Delivering safer and more secure prisons: the roots to rehabilitation","18 December 2017","https://www.gov.uk/government/speeches/delivering-safer-and-more-secure-prisons-the-roots-to-rehabilitation"
"Theresa May","Greg Clark lecture to the Institute of Energy Economics","31 October 2017","https://www.gov.uk/government/speeches/greg-clark-lecture-to-the-institute-of-energy-economics"
"Theresa May","UK is extensively involved in Southeast Asia: Speech by Scott Wightman","17 July 2018","https://www.gov.uk/government/speeches/uk-is-extensively-involved-in-southeast-asia-speech-by-scott-wightman"
